epoch,acc,loss,val_acc,val_loss
0,0.0048828125,4.827944174408913,0.017578125,4.817699670791626
1,0.007874015748031496,4.81814001113411,0.010826771653543307,4.798547665903888
2,0.014763779527559055,4.816519448137659,0.015748031496062992,4.802543535007267
3,0.013779527588388112,4.812034520577258,0.015748031525395986,4.795237676365169
4,0.010826771653543307,4.808534250484676,0.013779527559055118,4.796042911649689
5,0.015625,4.802784040570259,0.017578125,4.78921677172184
6,0.01476377955689205,4.798212411835438,0.015748031496062992,4.80210573466744
7,0.03248031498996291,4.741734992800735,0.03543307086614173,4.598649644476223
8,0.028543307086614175,4.676373658217783,0.0344488188976378,4.526150061389592
9,0.026574803178939295,4.604649322239433,0.04822834645669291,4.546298496366486
10,0.023622047302760477,4.571258488602526,0.06200787404508103,4.42000394731056
11,0.0546875,4.500627368688583,0.0791015625,4.399026945233345
12,0.05216535438937465,4.450508632059172,0.06889763785394158,4.320410161506473
13,0.0482283465153589,4.403846950981561,0.06594488200709575,4.22628256842846
14,0.061023622105910086,4.3582758452948624,0.10925196853327,4.132846430530698
15,0.05118110239153772,4.376008912334292,0.09645669294271882,4.182277495466818
16,0.0791015625,4.272473096847534,0.1103515625,4.065575942397118
17,0.07578740157480315,4.268076123215082,0.10826771653543307,4.045882285110594
18,0.07578740163346914,4.252344465631199,0.10826771665276505,3.9774235571463277
19,0.08759842525551638,4.155920843439778,0.1141732283464567,3.884078132824635
20,0.09448818903504394,4.13005538249579,0.12598425196850394,3.886603430500181
21,0.09350393700787402,4.1448399607590805,0.1348425195677074,3.898165730979499
22,0.0947265625,4.08147756010294,0.140625,3.8443023562431335
23,0.09448818909370993,3.9811350210445133,0.14173228322990297,3.7182297237276094
24,0.1141732283464567,3.9958033073605517,0.17027559043384913,3.6474104885041245
25,0.12204724415315418,4.00664411004134,0.17322834633936093,3.6293961363514575
26,0.125,3.9500013505379985,0.17913385803305257,3.5846929681582713
27,0.107421875,3.9805472046136856,0.197265625,3.602104388177395
28,0.12992125984251968,3.8874472858398916,0.2007874018094671,3.5976070925945374
29,0.1141732283464567,3.887964836255772,0.17421259842519685,3.5471842101239783
30,0.11909448830630835,3.8529070512516292,0.16830708661417323,3.668101160545049
31,0.14665354342441858,3.794587636557151,0.20767716523699872,3.4418332914667804
32,0.13779527564921717,3.8176991901998445,0.21259842507951843,3.431920036556214
33,0.138671875,3.74226650595665,0.2373046875,3.407200798392296
34,0.1328740158653635,3.8332802273157074,0.23622047220628092,3.39249771786487
35,0.16141732289331165,3.651021037514754,0.26181102350471525,3.2809021698208305
36,0.17224409448818898,3.648747209488876,0.2746062993299304,3.2116207945065236
37,0.17125984263701702,3.6406197660551296,0.23622047244094488,3.2878968565482793
38,0.17716535433070865,3.6215280191166195,0.2627952754732192,3.200520528583076
39,0.1767578125,3.5636844635009766,0.2578125,3.1893511041998863
40,0.18110236197006047,3.5822746246818484,0.2716535435417506,3.1052931706736406
41,0.17027559078584506,3.579172262056606,0.2834645666944699,3.068139051827859
42,0.18602362181258014,3.5214443751207485,0.3051181102362205,2.998968122512337
43,0.17322834622202896,3.5584336622493473,0.2706692913385827,3.038664479893962
44,0.1826171875,3.496843136847019,0.29296875,3.097743347287178
45,0.19291338594410362,3.4201324643112545,0.3090551181102362,2.8637699461358737
46,0.19488188976377951,3.481368320194755,0.23228346444959716,3.2198775659395955
47,0.1830708661417323,3.486710206730159,0.32185039381811936,2.9344732761383057
48,0.18996062995059285,3.4039952923932413,0.32775590527714704,2.8860407607761895
49,0.20275590539447905,3.3782740934627262,0.34842519661572974,2.9012706617670734
50,0.2060546875,3.393362432718277,0.2880859375,2.939197026193142
51,0.2214566930307178,3.3336302558268147,0.3553149603952573,2.7788346452037183
52,0.21948818885904597,3.327517169667041,0.3061023622047244,2.8962664322590266
53,0.20275590527714707,3.308503849299874,0.3572834645669291,2.771114193548368
54,0.23917322834645668,3.2507778058840535,0.36811023622047245,2.7056993649700494
55,0.2197265625,3.2881512194871902,0.375,2.7192506715655327
56,0.23228346456692914,3.2062303118818387,0.38484251968503935,2.6016813601095845
57,0.234251968503937,3.1848148529923805,0.3631889763779528,2.6454482022232897
58,0.2411417320488006,3.192340571110643,0.3976377955102545,2.5632533595317932
59,0.24114173216613258,3.1552863759318677,0.38582677188820724,2.6014750829831823
60,0.22244094488188976,3.1759290244635636,0.38779527559055116,2.572959749717412
61,0.2578125,3.087059885263443,0.4306640625,2.5171757116913795
62,0.2677165354330709,3.038775066691121,0.375,2.558766134141937
63,0.2608267716535433,3.0534919228140764,0.4084645671637978,2.467640730339711
64,0.23425196862126899,3.171189450842189,0.4035433070866142,2.50818659001448
65,0.2824803150779619,3.0161276708437703,0.3927165353157389,2.481198014236811
66,0.255859375,3.0779635682702065,0.4150390625,2.4931605607271194
67,0.2618110236220472,3.0153420065331646,0.4124015748031496,2.466975063789548
68,0.26279527570788314,3.0225730054960476,0.41929133905200505,2.3876891830774745
69,0.2568897635448636,3.027556177199356,0.4419291343275956,2.4115182865323046
70,0.25590551157635966,3.006622823204581,0.421259842989013,2.319313152568547
71,0.265748031261399,3.0046037182094545,0.45866141685350675,2.336528410123089
72,0.267578125,2.9788732528686523,0.4423828125,2.3119811564683914
73,0.26968503937007876,2.944448623131579,0.4124015748031496,2.3160108262159693
74,0.29724409472285296,2.9389322742702455,0.42322834645669294,2.263739777362253
75,0.2775590553527742,2.89802465476389,0.4763779532252334,2.2122275876247977
76,0.28838582677165353,2.862474118630717,0.44291338582677164,2.3204387416989785
77,0.3070866144078923,2.8825862839466003,0.42322834692602085,2.382228566905645
78,0.3037109375,2.8704646825790405,0.4912109375,2.17325060069561
79,0.31988188952911556,2.8155076653938593,0.4635826769306904,2.2005851606684406
80,0.3100393699614082,2.8005661307357426,0.4665354333055301,2.1103420388980174
81,0.29822834633936096,2.8958270099219376,0.4242125981905329,2.208140202394621
82,0.27657480338427026,2.882797106044499,0.47539370078740156,2.1705851461005023
83,0.3154296875,2.763451337814331,0.4697265625,2.104456350207329
84,0.3464566929133858,2.6887531599660557,0.47637795252124154,2.127898077326497
85,0.3169291338582677,2.724897180016585,0.44783464543462737,2.177347177595604
86,0.3543307086614173,2.620868964458075,0.5127952755905512,1.956317292423699
87,0.3326771651196668,2.7762650842741716,0.4675196848047061,2.127017755208053
88,0.32775590527714704,2.7505540171946126,0.49803149606299213,2.0892589279985803
89,0.32421875,2.7359387800097466,0.4892578125,2.0333104729652405
90,0.3405511811023622,2.671804570776271,0.5059055120456876,2.002970616648516
91,0.37401574826616,2.5911284037462368,0.5511811023622047,1.8349920539405402
92,0.3297244094488189,2.7049576485250877,0.48720472487877675,2.011141364968668
93,0.3356299210251786,2.620145330278892,0.5039370074046878,1.9674965781489695
94,0.3173828125,2.6482404619455338,0.50390625,2.0023790635168552
95,0.3494094490535616,2.6186293072587863,0.5137795275590551,1.9710149286300178
96,0.32972440933148695,2.6997806969590075,0.5255905509464384,1.9779950708854857
97,0.3326771655889947,2.6689351093112013,0.5433070861448454,1.8486779768635908
98,0.3149606301559238,2.653334210238119,0.4911417320488006,1.9901459892903726
99,0.35137795252124154,2.643483546775157,0.545275591020509,1.7954824693559661
100,0.3486328125,2.510657399892807,0.4853515625,1.9645499028265476
101,0.37401574803149606,2.497918421827902,0.5826771648850028,1.760548446122117
102,0.3366141729936825,2.598822843371414,0.532480314725966,1.8950529783729493
103,0.37696850393700787,2.433764403260599,0.5649606294519319,1.7560566100548571
104,0.35236220519373734,2.5235358467252236,0.5098425196850394,1.875163612403269
105,0.341796875,2.5744868144392967,0.5498046875,1.7985621690750122
106,0.36909448842364034,2.570792124965998,0.5738188971684673,1.730109633423212
